image,PSNR,SSIM,LPIPS
color_000.png,32.933954,0.941270,0.091759
color_001.png,31.505328,0.925568,0.076531
color_002.png,30.915294,0.947219,0.061272
Average,31.784859,0.938019,0.076521
