image,PSNR,SSIM,LPIPS
00000.png,29.663893,0.896422,0.181388
00001.png,28.636028,0.875163,0.160427
00002.png,29.383081,0.880998,0.200391
Average,29.227667,0.884194,0.180735
