image,PSNR,SSIM,LPIPS
00000.png,29.315345,0.893489,0.182022
00001.png,28.876940,0.877454,0.153038
00002.png,29.122897,0.881206,0.193957
Average,29.105061,0.884050,0.176339
