image,PSNR,SSIM,LPIPS
color_000.png,31.572277,0.933669,0.101510
color_001.png,31.376144,0.922453,0.079628
color_002.png,30.439879,0.942695,0.064042
Average,31.129433,0.932939,0.081727
