image,PSNR,SSIM,LPIPS
color_000.png,28.531105,0.890952,0.188653
color_001.png,34.353207,0.949309,0.074526
color_002.png,32.902487,0.935788,0.092914
Average,31.928933,0.925350,0.118698
