image,PSNR,SSIM,LPIPS
00000.png,25.908933,0.844441,0.280413
00001.png,33.437125,0.936898,0.163439
00002.png,31.122618,0.903758,0.196014
Average,30.156225,0.895032,0.213289
