image,PSNR,SSIM,LPIPS
00000.png,23.943835,0.817420,0.298647
00001.png,32.836623,0.934629,0.169074
00002.png,32.637288,0.909461,0.191289
Average,29.805915,0.887170,0.219670
