image,PSNR,SSIM,LPIPS
color_000.png,22.520961,0.864076,0.222250
color_001.png,33.185860,0.947869,0.076850
color_002.png,32.280598,0.930960,0.098319
Average,29.329140,0.914302,0.132473
