image,PSNR,SSIM,LPIPS
color_001.png,13.227268,0.317384,0.540704
Average,13.227268,0.317384,0.540704
