image,PSNR,SSIM,LPIPS
color_000.png,19.080855,0.715636,0.259147
Average,19.080855,0.715636,0.259147
