image,PSNR,SSIM,LPIPS
color_001.png,19.113638,0.719769,0.235482
Average,19.113638,0.719769,0.235482
