image,PSNR,SSIM,LPIPS
color_000.png,19.142623,0.706215,0.311332
Average,19.142623,0.706215,0.311332
