image,PSNR,SSIM,LPIPS
00000.png,16.116574,0.700712,0.268483
00001.png,24.210159,0.912140,0.148856
00002.png,24.831466,0.897852,0.163663
Average,21.719400,0.836901,0.193667
