image,PSNR,SSIM,LPIPS
color_000.png,19.091564,0.758620,0.197209
color_001.png,26.814412,0.943018,0.075027
color_002.png,25.338472,0.937024,0.078143
Average,23.748149,0.879554,0.116793
