image,PSNR,SSIM,LPIPS
00000.png,16.230114,0.701184,0.256151
00001.png,22.607343,0.910873,0.149256
00002.png,25.594439,0.906242,0.161371
Average,21.477299,0.839433,0.188926
